state,geoid,name,lowest_grade_provided,highest_grade_provided,land_area_meters_sq,water_area_meters_sq,land_area_miles_sq,water_area_miles_sq,latitude,longitude,year
AZ,0400082,Colorado River Union High School District,9,12,2711174269,74638171,1046.79,28.818,35.105214000000004,-114.46783400000001,2018
AZ,0400450,Agua Fria Union High School District,9,12,244645640,735546,94.458,0.284,33.481427000000004,-112.407871,2018
AZ,0400720,Antelope Union High School District,9,12,7937907742,3400,3064.843,0.001,32.992049,-113.81737199999999,2018
AZ,0401160,Bicentennial Union High School District,9,12,9842302355,22973076,3800.134,8.87,33.669497,-113.95215300000001,2018
AZ,0401410,Buckeye Union High School District,9,12,3167017504,214246,1222.792,0.083,33.319899,-112.81179399999999,2018
AZ,0401740,Casa Grande Union High School District,9,12,3365208891,1185232,1299.3139999999999,0.45799999999999996,32.839153,-111.920895,2018
AZ,0403450,Glendale Union High School District,9,12,153780176,412966,59.375,0.159,33.574317,-112.135194,2018
AZ,0405070,Mingus Union High School District,9,12,1320301122,401767,509.77099999999996,0.155,34.835063,-112.083898,2018
AZ,0406030,Patagonia Union High School District,9,12,1795991587,1646872,693.436,0.636,31.547287,-110.67995800000001,2018
AZ,0406330,Phoenix Union High School District,9,12,449279210,1970521,173.468,0.7609999999999999,33.440865,-112.099026,2018
AZ,0407530,Santa Cruz Valley Union High School District,9,12,1857316232,3443532,717.1139999999999,1.33,32.641808000000005,-111.434533,2018
AZ,0408340,Tempe Union High School District,9,12,428728943,2511986,165.533,0.97,33.3112,-111.983539,2018
AZ,0408520,Tolleson Union High School District,9,12,264923255,636238,102.287,0.24600000000000002,33.41192,-112.274378,2018
AZ,0408910,Valley Union High School District,9,12,1470351069,694059,567.706,0.268,31.865540000000003,-109.67003799999999,2018
AZ,0409630,Yuma Union High School District,9,12,6343220088,13322679,2449.131,5.144,32.529507,-114.00489099999999,2018
CA,0601650,Acalanes Union High School District,9,12,204876990,4415415,79.10300000000001,1.705,37.878182,-122.130191,2018
CA,0602630,Anaheim Union High School District,7,12,105048292,442229,40.559,0.171,33.827317,-117.962154,2018
CA,0602670,West Sonoma County Union High School District,9,12,835756691,195335943,322.687,75.42,38.484584999999996,-123.085885,2018
CA,0602700,Anderson Union High School District,9,12,615542076,7170106,237.662,2.7680000000000002,40.44312,-122.31563600000001,2018
CA,0602820,Antelope Valley Union Joint High School District,9,12,3597801139,18975485,1389.119,7.3260000000000005,34.654884,-118.149919,2018
CA,0603030,Northern Humboldt Union High School District,9,12,1820948098,33805634,703.072,13.052,40.97322,-123.908635,2018
CA,0605820,Brawley Union High School District,9,12,2029143039,198658273,783.457,76.702,33.085903,-115.679199,2018
CA,0605940,Bret Harte Union High School District,9,12,1101583207,13449989,425.324,5.193,38.147844,-120.46516000000001,2018
CA,0606001,Yosemite Unified School District (9-12),9,12,1224437687,16851136,472.75800000000004,6.506,37.318284000000006,-119.731752,2018
CA,0606003,Twin Rivers Unified School District (9-12),9,12,64094764,36883,24.747,0.013999999999999999,38.739206,-121.48065700000001,2018
CA,0606004,Twin Rivers Unified School District (7-12),7,12,25662735,0,9.908,0.0,38.655109,-121.447322,2018
CA,0606005,Scott Valley Unified School District (9-12),9,12,1665938719,4125720,643.2230000000001,1.5930000000000002,41.266394,-123.17051699999999,2018
CA,0606006,Trinity Alps Unified School District (9-12),9,12,2968843743,65289153,1146.277,25.208000000000002,40.917078000000004,-123.061783,2018
CA,0606013,Turlock Unified School District (9-12),9,12,190107914,477368,73.40100000000001,0.184,37.482343,-120.95373000000001,2018
CA,0606015,Santa Cruz City High School District (9-12),9,12,45662032,68773652,17.63,26.554000000000002,36.954599,-121.975531,2018
CA,0606016,Dinuba Unified School District (9-12),9,12,73237774,0,28.276999999999997,0.0,36.490608,-119.34015500000001,2018
CA,0606018,Washington Unified School District (9-12),9,12,116674615,94412,45.048,0.036000000000000004,36.645101000000004,-119.797572,2018
CA,0606019,Santa Barbara Unified School District (7-12),7,12,291564722,178335011,112.574,68.85600000000001,34.4401,-119.84568700000001,2018
CA,0606020,Lammersville Joint Unified School District (9-12),9,12,70258461,1041286,27.127,0.402,37.744419,-121.57881100000002,2018
CA,0606021,Bishop Unified School District (9-12),9,12,476790136,4512133,184.09,1.742,37.405439,-118.630103,2018
CA,0606022,Santa Paula Unified School District (9-12),9,12,204076384,2307057,78.794,0.8909999999999999,34.421516,-119.067007,2018
CA,0606025,Hamilton Unified School District (9-12),9,12,30867817,929530,11.918,0.359,39.778719,-122.075414,2018
CA,0606026,Woodlake Unified School District (9-12),9,12,1873057492,6070456,723.192,2.344,36.436989000000004,-118.67153200000001,2018
CA,0606028,Exeter Unified School District (9-12),9,12,131048748,3118304,50.598,1.204,36.328417,-119.09446299999999,2018
CA,0606031,Tracy Unified School District (9-12),9,12,551000092,5621669,212.74200000000002,2.171,37.647445000000005,-121.412419,2018
CA,0606034,Perris Union High School District (9-12),9,12,343624234,1127032,132.674,0.435,33.732926,-117.14899,2018
CA,0606037,Alhambra Unified School District (9-12),9,12,11664643,120610,4.504,0.047,34.058766,-118.09643,2018
CA,0606038,Healdsburg Unified School District (7-12),7,12,368813934,1103730,142.4,0.426,38.702128,-122.874144,2018
CA,0606053,Gonzales Unified School District (9-12),9,12,262182933,2187066,101.229,0.8440000000000001,36.570336,-121.51761699999999,2018
CA,0606107,Porterville Unified School District (9-12),9,12,4879220864,1183581,1883.878,0.457,36.071498,-118.55895500000001,2018
CA,0607230,Campbell Union High School District,9,12,78445531,148821,30.288,0.057,37.275424,-121.946294,2018
CA,0607920,Centinela Valley Union High School District,9,12,23876392,91685,9.219,0.035,33.91028,-118.34808100000001,2018
CA,0608010,Central Union High School District,9,12,405475149,177538,156.555,0.069,32.741078,-115.642152,2018
CA,0608160,Chaffey Joint Union High School District,9,12,423267179,99794,163.424,0.039,34.138557,-117.577679,2018
CA,0608550,Chowchilla Union High School District,9,12,584104181,2395288,225.524,0.925,37.072124,-120.29693,2018
CA,0609810,Corning Union High School District,9,12,1570562599,14233130,606.398,5.495,39.893682,-122.487429,2018
CA,0610860,Delano Joint Union High School District,9,12,1197024010,5348009,462.17400000000004,2.065,35.763095,-119.24695200000001,2018
CA,0611700,Dunsmuir Joint Union High School District,9,12,666714228,2649732,257.42,1.023,41.142302,-122.309977,2018
CA,0611780,East Nicolaus Joint Union High School District,9,12,379114748,3100338,146.377,1.197,38.854822,-121.53335700000001,2018
CA,0611820,East Side Union High School District,9,12,354509776,516255,136.877,0.19899999999999998,37.327098,-121.77708,2018
CA,0612070,El Dorado Union High School District,9,12,2881672649,28426293,1112.62,10.975,38.707909,-120.59092199999999,2018
CA,0612120,El Monte Union High School District,9,12,54666962,3700700,21.107,1.429,34.069522,-118.037899,2018
CA,0612910,Escondido Union High School District,9,12,272444539,3141331,105.191,1.213,33.123265,-117.05948899999999,2018
CA,0613530,Fallbrook Union High School District,9,12,717819333,99500323,277.152,38.417,33.380238,-117.3901,2018
CA,0614190,Fortuna Union High School District,9,12,1457888192,18490081,562.894,7.138999999999999,40.491153000000004,-123.83676399999999,2018
CA,0614430,Fremont Union High School District,9,12,144990996,349209,55.981,0.135,37.329359000000004,-122.061499,2018
CA,0614760,Fullerton Joint Union High School District,9,12,112064141,173320,43.268,0.067,33.903690999999995,-117.94918700000001,2018
CA,0614820,Galt Joint Union High School District,9,12,669657058,7125442,258.556,2.7510000000000003,38.28575,-121.23990500000001,2018
CA,0616230,Grossmont Union High School District,9,12,1210852101,18237309,467.51300000000003,7.041,32.7738,-116.818432,2018
CA,0616500,Hanford Joint Union High School District,9,12,649033555,189281,250.593,0.073,36.304747,-119.614117,2018
CA,0618060,Huntington Beach Union High School District,9,12,115697404,103496911,44.67100000000001,39.96,33.684634,-118.021193,2018
CA,0618930,Jefferson Union High School District,9,12,83564591,142478499,32.264,55.011,37.69021,-122.496269,2018
CA,0619110,Julian Union High School District,9,12,1624960050,3926945,627.401,1.516,33.047022999999996,-116.459073,2018
CA,0619540,Kern High School District,9,12,7737493794,50934464,2987.4629999999997,19.666,35.393093,-118.777229,2018
CA,0619650,South Monterey County Joint Union High School District,9,12,4844500346,60074490,1870.4720000000002,23.195,36.114367,-121.048797,2018
CA,0619830,Kingsburg Joint Union High School District,9,12,253780304,932528,97.985,0.36,36.469336,-119.53298999999998,2018
CA,0621060,Lassen Union High School District,9,12,6353914804,381951422,2453.26,147.472,40.609628,-120.459852,2018
CA,0621270,Le Grand Union High School District,9,12,465322621,0,179.662,0.0,37.235877,-120.261402,2018
CA,0621400,Lemoore Union High School District,9,12,661401589,311121,255.36900000000003,0.12,36.233135,-119.84355900000001,2018
CA,0621600,Liberty Union High School District,9,12,503033380,61858556,194.222,23.884,37.922228000000004,-121.66835900000001,2018
CA,0622800,Los Gatos-Saratoga Joint Union School District,9,12,365679777,2432713,141.19,0.9390000000000001,37.175282,-121.96599499999999,2018
CA,0624660,Merced Union High School District,9,12,1803931124,9497004,696.502,3.667,37.35732,-120.525608,2018
CA,0625150,Modesto City High School District,9,12,430260451,3641633,166.12400000000002,1.406,37.662361,-121.034221,2018
CA,0626310,Mountain View-Los Altos Union School District,9,12,96960365,9223664,37.437,3.5610000000000004,37.38681,-122.099818,2018
CA,0626880,Nevada Joint Union High School District,9,12,1886919494,28189930,728.544,10.884,39.277691,-120.933687,2018
CA,0629130,Oroville Union High School District,9,12,1661910695,69733993,641.6669999999999,26.924,39.604174,-121.430912,2018
CA,0629270,Oxnard Union High School District,9,12,598565649,285939432,231.107,110.402,34.166616999999995,-119.084151,2018
CA,0630210,Perris Union High School District,7,12,126795187,41199,48.956,0.016,33.773702,-117.29370700000001,2018
CA,0630250,Petaluma Joint Union High School District,7,12,636423419,43431378,245.72400000000002,16.769000000000002,38.198827,-122.634293,2018
CA,0630750,Placer Union High School District,9,12,2200817037,25227691,849.74,9.74,39.071528,-120.712218,2018
CA,0631230,Point Arena Joint Union High School District,9,12,1044768998,422977134,403.38800000000003,163.312,38.834908,-123.51856799999999,2018
CA,0632010,Red Bluff Joint Union High School District,9,12,5520210848,18078873,2131.365,6.98,40.251717,-122.168714,2018
CA,0633630,Roseville Joint Union High School District,9,12,183514559,12566950,70.855,4.852,38.764057,-121.29646799999999,2018
CA,0633980,Salinas Union High School District,7,12,668548234,4574842,258.128,1.766,36.65316,-121.61532199999999,2018
CA,0634140,San Benito High School District,9,12,2659329110,1723380,1026.7730000000001,0.665,36.653573,-121.09918799999998,2018
CA,0634380,San Dieguito Union High School District,7,12,209030533,108314193,80.707,41.82,33.016106,-117.254516,2018
CA,0634980,San Mateo Union High School District,9,12,162216762,122120239,62.632,47.151,37.579426,-122.330304,2018
CA,0635110,San Rafael City High School District,9,12,93232090,61043649,35.997,23.569000000000003,38.005569,-122.50281100000001,2018
CA,0635600,Santa Cruz City High School District,7,12,255103642,62594562,98.49600000000001,24.168000000000003,37.079586,-122.17449099999999,2018
CA,0635670,Santa Maria Joint Union High School District,9,12,1462819841,159615848,564.798,61.628,34.874691999999996,-120.35473600000002,2018
CA,0635830,Santa Rosa High School District,7,12,476361859,859758,183.924,0.332,38.457045,-122.669278,2018
CA,0635850,Santa Ynez Valley Union High School District,9,12,3040023450,223865110,1173.76,86.435,34.635871,-119.894995,2018
CA,0636390,Sequoia Union High School District,9,12,256592647,63013904,99.071,24.33,37.464093,-122.22553700000002,2018
CA,0636600,Shasta Union High School District,9,12,4704683772,44636698,1816.489,17.234,40.615072,-122.2271,2018
CA,0636940,Siskiyou Union High School District,9,12,5528944974,25161542,2134.738,9.715,41.424915999999996,-122.57729599999999,2018
CA,0636972,Victor Valley Union High School District,7,12,1424343490,5156020,549.942,1.9909999999999999,34.663087,-117.447277,2018
CA,0637260,Sonora Union High School District,9,12,806139872,47022170,311.252,18.155,37.922725,-120.422503,2018
CA,0638280,Summerville Union High School District,9,12,3282313378,46689334,1267.308,18.027,38.141434000000004,-119.927617,2018
CA,0638610,Sutter Union High School District,9,12,619800581,4762686,239.30599999999998,1.839,39.062428000000004,-121.77358899999999,2018
CA,0638640,Sweetwater Union High School District,7,12,388996257,22126749,150.192,8.543,32.601362,-116.986081,2018
CA,0638730,Taft Union High School District,9,12,1441819224,2410560,556.69,0.9309999999999999,35.319833,-119.617834,2018
CA,0638790,Tamalpais Union High School District,9,12,442302443,319621374,170.774,123.40700000000001,37.945624,-122.686388,2018
CA,0639930,Tulare Joint Union High School District,9,12,942066565,1568481,363.73400000000004,0.606,36.10552,-119.37064299999999,2018
CA,0641430,Wasco Union High School District,9,12,1991512575,4717058,768.927,1.821,35.638065000000005,-119.760851,2018
CA,0642350,Wheatland Union High School District,9,12,403285498,3700187,155.709,1.429,39.085259,-121.40737,2018
CA,0642480,Whittier Union High School District,9,12,103986863,673334,40.15,0.26,33.967093,-118.03766999999999,2018
CA,0642510,William S. Hart Union High School District,7,12,1013510116,14081195,391.31800000000004,5.437,34.48659,-118.55201799999999,2018
CA,0643410,Yreka Union High School District,9,12,3356625091,20958631,1296.0,8.092,41.7985,-122.632269,2018
CA,0699001,Gridley Unified School District (9-12),9,12,29400975,227326,11.352,0.08800000000000001,39.326302,-121.66389699999999,2018
CA,0699002,Caruthers Unified School District (9-12),9,12,156730816,103327,60.513999999999996,0.04,36.579289,-119.90356299999999,2018
CA,0699003,Riverdale Joint Unified School District (9-12),9,12,556399163,695948,214.827,0.26899999999999996,36.407663,-120.15255,2018
CA,0699004,Sierra Unified School District (9-12),9,12,2981490880,63873877,1151.16,24.662,37.223609,-119.00093600000001,2018
CA,0699005,Orland Joint Unified School District (9-12),9,12,92859908,242372,35.853,0.094,39.718119,-122.11962700000001,2018
CA,0699006,Eureka City Unified School District (7-12),7,12,323834837,15284936,125.03299999999999,5.902,40.714403000000004,-124.098541,2018
CA,0699007,Eureka City Unified School District (9-12),9,12,312380570,411149,120.611,0.159,40.687248,-123.92413300000001,2018
CA,0699008,Upper Lake Unified School District (9-12),9,12,78086395,36746376,30.149,14.187999999999999,39.090779,-122.785045,2018
CA,0699009,Coast Unified School District (9-12),9,12,126992458,73156957,49.032,28.246,35.478584999999995,-120.894745,2018
CA,0699010,Paso Robles Joint Unified School District (9-12),9,12,768696306,19053208,296.795,7.356,35.787422,-120.73116,2018
CA,0699011,Santa Cruz City High School District (6-12),6,12,99094925,152256243,38.260999999999996,58.786,36.953717,-122.0706,2018
CA,0699012,Hughson Unified School District (9-12),9,12,298439433,17844104,115.228,6.89,37.627044,-120.572309,2018
CA,0699013,Oakdale Joint Unified School District (9-12),9,12,495653735,8043872,191.373,3.1060000000000003,37.859857,-120.764978,2018
CA,0699014,Nevada Joint Union High School District (9-12),9,12,135672004,10983925,52.383,4.2410000000000005,39.430875,-121.10058899999999,2018
CT,0900005,Regional High School District 19,9,12,302228829,5055984,116.691,1.952,41.861632,-72.223969,2018
CT,0903570,Regional High School District 11,7,12,163465415,1536941,63.114,0.593,41.752806,-72.077164,2018
CT,0903600,Regional High School District 01,9,12,680970605,13837681,262.92400000000004,5.343,41.883719,-73.37838599999999,2018
CT,0903630,Regional High School District 04,7,12,103517056,7459342,39.968,2.88,41.37638,-72.460836,2018
CT,0903660,Regional High School District 05,7,12,147890093,2584499,57.101000000000006,0.998,41.363538,-73.00389200000001,2018
CT,0903720,Regional High School District 07,7,12,388983305,16024635,150.187,6.187,41.969922,-73.178483,2018
CT,0903750,Regional High School District 08,7,12,196049301,1985327,75.695,0.767,41.664495,-72.41138199999999,2018
CT,0903780,Regional High School District 09,9,12,152761747,4653127,58.982,1.797,41.288140999999996,-73.355331,2018
GA,1313053,Chattahoochee County for Fort Benning,9,12,489952780,4272428,189.172,1.65,32.371753000000005,-84.797416,2018
GA,1313215,Muscogee County for Fort Benning,9,12,191845678,549905,74.072,0.212,32.469857,-84.813099,2018
IL,1701384,Illini West High School District 307,9,12,947181977,16395757,365.709,6.33,40.49975,-91.065487,2018
IL,1703780,Anna Jonesboro Community High School District 81,9,12,405630380,2799748,156.615,1.081,37.471235,-89.19139799999999,2018
IL,1703870,Antioch Community High School District 117,9,12,129836668,22813818,50.13,8.808,42.451901,-88.089844,2018
IL,1704020,Argo Community High School District 217,9,12,30609945,1034903,11.819,0.4,41.7598,-87.828978,2018
IL,1704170,Township High School District 214,9,12,168940033,1396131,65.22800000000001,0.539,42.076248,-87.961754,2018
IL,1704230,Armstrong Township High School District 225,9,12,347210969,418896,134.059,0.162,40.282371999999995,-87.902028,2018
IL,1704770,Central Community High School District 71,9,12,528100482,1762621,203.90099999999998,0.6809999999999999,38.605958,-89.526938,2018
IL,1705640,Belleville Township High School District 201,9,12,302625614,4949524,116.844,1.911,38.507841,-90.039462,2018
IL,1705970,Benton Consolidated High School District 103,9,12,440905758,46815739,170.235,18.076,38.043103,-88.845905,2018
IL,1706420,Bloom Township High School District 206,9,12,103268808,414395,39.872,0.16,41.503125,-87.605681,2018
IL,1706540,Community High School District 218,9,12,77967772,1149652,30.104,0.444,41.670289000000004,-87.735893,2018
IL,1706960,Bradley-Bourbonnais Consolidated High School District 307,9,12,112198782,947237,43.32,0.366,41.183001000000004,-87.86121,2018
IL,1707050,Bremen Community High School District 228,9,12,79981908,255013,30.881,0.098,41.598760999999996,-87.732475,2018
IL,1708370,Carbondale Community High School District 165,9,12,336278025,14604353,129.838,5.638999999999999,37.707917,-89.202023,2018
IL,1708400,Consolidated High School District 230,9,12,183578448,6132291,70.88,2.3680000000000003,41.641465999999994,-87.851917,2018
IL,1709300,Centralia High School District 200,9,12,343606343,3326064,132.667,1.284,38.476583000000005,-89.126661,2018
IL,1709780,Chester Non-High School District 122,9,12,89128578,6786831,34.413000000000004,2.62,38.072379,-90.097555,2018
IL,1711370,Community High School District 155,9,12,171641933,5360124,66.271,2.07,42.241642,-88.300028,2018
IL,1712570,Community High School District 99,9,12,79961890,1439853,30.873,0.556,41.776156,-88.021784,2018
IL,1712870,Dwight Township High School District 230,9,12,412246059,218829,159.16899999999998,0.084,41.072998999999996,-88.463154,2018
IL,1712990,East Alton-Wood River Community High School District 14,9,12,31612943,3504778,12.206,1.3530000000000002,38.839444,-90.102013,2018
IL,1713230,East Peoria Community High School District 309,9,12,80883861,9698713,31.229,3.745,40.674131,-89.545826,2018
IL,1713940,DuPage High School District 88,9,12,55843503,933357,21.561,0.36,41.902167,-87.990363,2018
IL,1714490,Evanston Township High School District 202,9,12,23094786,57390,8.917,0.022000000000000002,42.047117,-87.69711099999999,2018
IL,1714580,Evergreen Park Community High School District 231,9,12,8191088,0,3.1630000000000003,0.0,41.721275,-87.701334,2018
IL,1715030,Fenton Community High School District 100,9,12,31084326,411412,12.002,0.159,41.965865,-87.961628,2018
IL,1715840,Freeburg Community High School District 77,9,12,296428283,7678447,114.45200000000001,2.965,38.401663,-89.908914,2018
IL,1716260,Gardner-South Wilmington Township High School District,9,12,134731613,3740483,52.02,1.444,41.189747,-88.30833,2018
IL,1716830,Glenbard Township High School District 87,9,12,114631004,3540582,44.25899999999999,1.367,41.893671999999995,-88.072866,2018
IL,1717340,Grant Community High School District 124,9,12,60184231,16964261,23.237,6.55,42.381957,-88.159389,2018
IL,1717550,Grayslake Community High School District 127,9,12,63898660,4616596,24.671,1.7819999999999998,42.360642,-88.046984,2018
IL,1717901,Flanagan-Cornell District 74 in Cornell,9,12,161729605,408522,62.443999999999996,0.158,40.993512,-88.723349,2018
IL,1717902,Flanagan-Cornell District 74 in Pontiac,9,12,12723901,0,4.913,0.0,40.951212,-88.674811,2018
IL,1717903,Flanagan-Cornell District 74 in Rooks Creek,9,12,762687,0,0.294,0.0,40.934111,-88.767583,2018
IL,1718030,Hall High School District 502,9,12,182606693,6521920,70.505,2.5180000000000002,41.354094,-89.252534,2018
IL,1719080,Township High School District 113,9,12,64146913,337552,24.767,0.13,42.178788,-87.83670699999999,2018
IL,1719320,Hinsdale Township High School District 86,9,12,73154647,2207697,28.245,0.852,41.778856,-87.94368100000001,2018
IL,1719560,Homewood-Flossmoor Community High School District 233,9,12,29900113,154112,11.544,0.06,41.54858,-87.669966,2018
IL,1719620,Hononegah Community High School District 207,9,12,284432159,4249419,109.82,1.641,42.436275,-89.101302,2018
IL,1720610,Joliet Township High School District 204,9,12,279963503,5666137,108.095,2.188,41.472741,-88.108982,2018
IL,1721780,Lake Forest Community High School District 115,9,12,55528398,183163,21.44,0.071,42.252607,-87.858923,2018
IL,1721840,Lake Park Community High School District 108,9,12,49609278,1603126,19.154,0.619,41.970974,-88.06736,2018
IL,1722110,LaSalle-Peru Township High School District 120,9,12,469189488,6454207,181.155,2.492,41.316801,-89.073678,2018
IL,1722500,Lemont Township High School District 210,9,12,77313186,2916257,29.851,1.126,41.680147999999996,-87.97318800000001,2018
IL,1722740,Leyden Community High School District 212,9,12,44226635,0,17.076,0.0,41.937652,-87.875978,2018
IL,1722830,Libertyville Community High School District 128,9,12,89217813,2298245,34.446999999999996,0.887,42.280015,-87.939942,2018
IL,1722950,Limestone Community High School District 310,9,12,128779827,2194063,49.722,0.847,40.656985999999996,-89.684063,2018
IL,1723050,Lincoln Community High School District 404,9,12,698642836,1970215,269.748,0.7609999999999999,40.140262,-89.389095,2018
IL,1723070,Lincoln Way Community High School District 210,9,12,256137373,249387,98.895,0.096,41.487409,-87.921739,2018
IL,1723350,Lockport Township High School District 205,9,12,157700313,1380878,60.888000000000005,0.5329999999999999,41.593305,-88.010734,2018
IL,1723880,Lyons Township High School District 204,9,12,61017893,288951,23.559,0.11199999999999999,41.786014,-87.879704,2018
IL,1724090,Maine Township High School District 207,9,12,72202917,640545,27.878,0.247,42.029453000000004,-87.864209,2018
IL,1724570,Marengo Community High School District 154,9,12,295998554,349429,114.286,0.135,42.228972,-88.61415699999999,2018
IL,1725320,McHenry Community High School District 156,9,12,112338507,7932179,43.373999999999995,3.063,42.337652,-88.27959200000001,2018
IL,1725650,Mendota Township High School District 280,9,12,524310606,505349,202.437,0.195,41.578614,-89.093099,2018
IL,1725770,Metamora Township High School District 122,9,12,249862925,25199062,96.473,9.729,40.814049,-89.420028,2018
IL,1726180,Fairfield Community High School District 225,9,12,570389126,1963153,220.22799999999998,0.758,38.350556,-88.332934,2018
IL,1726340,Minooka Community High School District 111,9,12,229240370,5191417,88.51,2.004,41.473077,-88.27685100000001,2018
IL,1726640,Morris Community High School District 101,9,12,271781182,13465221,104.935,5.199,41.37702,-88.436427,2018
IL,1726880,J. Sterling Morton High School District 201,9,12,39757138,588757,15.35,0.22699999999999998,41.832071,-87.78148900000001,2018
IL,1727360,Mount Vernon Township High School District 201,9,12,684551485,6660269,264.307,2.572,38.290071000000005,-88.859965,2018
IL,1727570,Mundelein Consolidated High School District 120,9,12,88366886,4457749,34.119,1.7209999999999999,42.280209,-88.054266,2018
IL,1727740,Nashville Community High School District 99,9,12,836854175,2337365,323.111,0.902,38.323442,-89.323689,2018
IL,1728200,New Trier Township High School District 203,9,12,49262641,1027032,19.02,0.397,42.101787,-87.750128,2018
IL,1728260,Newark Community High School District 18,9,12,257879140,366176,99.568,0.141,41.512202,-88.517912,2018
IL,1728530,Niles Township Community High School District 219,9,12,49732913,0,19.202,0.0,42.029887,-87.758577,2018
IL,1729010,Northfield Township High School District 225,9,12,84453364,703628,32.608000000000004,0.272,42.105891,-87.83456,2018
IL,1729220,Oak Lawn Community High School District 229,9,12,15481024,0,5.977,0.0,41.723359,-87.760047,2018
IL,1729280,Oak Park and River Forest District 200,9,12,18408259,4794,7.107,0.002,41.889340000000004,-87.798901,2018
IL,1729730,Ohio Community High School District 505,9,12,130727242,88305,50.474,0.034,41.559469,-89.444849,2018
IL,1729790,O'Fallon Township High School District 203,9,12,126187637,1720314,48.721000000000004,0.664,38.60457,-89.906406,2018
IL,1730330,Ottawa Township High School District 140,9,12,605063304,13259804,233.61599999999999,5.12,41.331334000000005,-88.83252,2018
IL,1730450,Township High School District 211,9,12,160444622,1139704,61.948,0.44,42.071975,-88.07129,2018
IL,1731110,Pekin Community High School District 303,9,12,209697472,13247754,80.965,5.115,40.54395,-89.659646,2018
IL,1731620,Pinckneyville Community High School District 101,9,12,749342801,5500521,289.323,2.124,38.117083,-89.38107,2018
IL,1732220,Pontiac Township High School District 90,9,12,701683134,2229908,270.921,0.861,40.912485,-88.563135,2018
IL,1732580,Adlai E. Stevenson High School District 125,9,12,104902173,2121405,40.503,0.8190000000000001,42.190802000000005,-87.981064,2018
IL,1732700,Princeton High School District 500,9,12,589279555,854083,227.52200000000002,0.33,41.356214,-89.45542900000001,2018
IL,1732910,Proviso Township High School District 209,9,12,63788809,0,24.629,0.0,41.872401,-87.87085400000001,2018
IL,1733240,Rantoul Township High School District 193,9,12,389478760,362791,150.379,0.14,40.298177,-88.134573,2018
IL,1733270,Reavis Township High School District 220,9,12,24447634,0,9.439,0.0,41.759769,-87.770401,2018
IL,1733420,Rich Township High School District 227,9,12,85877197,387516,33.157,0.15,41.510009000000004,-87.73469399999999,2018
IL,1733510,Richmond-Burton Community High School District 157,9,12,112961601,675203,43.615,0.261,42.447437,-88.26934,2018
IL,1733720,Ridgewood Community High School District 234,9,12,6948669,0,2.6830000000000003,0.0,41.962738,-87.816677,2018
IL,1734020,Riverside Brookfield Township School District 208,9,12,16040752,89901,6.193,0.035,41.835009,-87.83341899999999,2018
IL,1734290,Rochelle Township High School District 212,9,12,563436806,642848,217.544,0.248,41.943689,-89.04396700000001,2018
IL,1734380,Rock Falls Township High School District 301,9,12,208649624,6219975,80.56,2.4019999999999997,41.726308,-89.68039,2018
IL,1735190,Salem Community High School District 600,9,12,665137588,2664133,256.811,1.0290000000000001,38.596883,-88.86925500000001,2018
IL,1735850,Seneca Township High School District 160,9,12,563131968,12017435,217.426,4.64,41.259201000000004,-88.55256800000001,2018
IL,1737140,St. Anne Community High School District 302,9,12,346673021,1057725,133.851,0.408,41.031484000000006,-87.672777,2018
IL,1737410,St. Joseph-Ogden Community High School District 305,9,12,312406072,839092,120.62100000000001,0.324,40.146184000000005,-88.039325,2018
IL,1738100,Streator Township High School District 40,9,12,315393234,102808,121.774,0.04,41.157575,-88.787785,2018
IL,1738940,Thornton Fractional Township High School District 215,9,12,39272031,534253,15.163,0.20600000000000002,41.585621,-87.54457099999999,2018
IL,1738970,Thornton Township High School District 205,9,12,88243866,1278755,34.071,0.494,41.608374,-87.622557,2018
IL,1739870,United Township High School District 30,9,12,99035585,7818764,38.238,3.0189999999999997,41.516062,-90.390778,2018
IL,1740290,Vienna High School District 133,9,12,752834512,7232121,290.671,2.792,37.443815,-88.865848,2018
IL,1740440,Community High School District 94,9,12,81268054,2331041,31.378,0.9,41.879336,-88.20165899999999,2018
IL,1740800,Warren Township High School District 121,9,12,132295506,2670530,51.08,1.031,42.389716,-87.945887,2018
IL,1740980,Washington Community High School District 308,9,12,139067121,44696,53.693999999999996,0.017,40.704287,-89.414084,2018
IL,1743890,Zion-Benton Township High School District 126,9,12,94492413,1187206,36.484,0.45799999999999996,42.461107,-87.872624,2018
IL,1799001,Bluford Unit School District 318 (9-12) in Farrington,9,12,99669536,219159,38.483000000000004,0.085,38.428197,-88.757047,2018
IL,1799004,Bluford Unit School District 318 (9-12) in Opdyke-Belle Rive,9,12,191432,0,0.07400000000000001,0.0,38.299906,-88.783783,2018
IL,1799005,Woodlawn Unit District 209 (9-12) in Grand Prairie,9,12,61772324,266008,23.85,0.10300000000000001,38.412735999999995,-89.09405600000001,2018
IL,1799006,Woodlawn Unit District 209 (9-12) in Rome,9,12,30378338,1979,11.729000000000001,0.001,38.42881,-89.006118,2018
IL,1799008,Woodlawn Unit District 209 (9-12) in Ashley,9,12,18610664,19508,7.186,0.008,38.33269,-89.123125,2018
KY,2121001,Laurel County School District for East Bernstadt ISD,9,12,13379867,32049,5.166,0.012,37.192510999999996,-84.115452,2018
KY,2121002,Pulaski County School District for Science Hill ISD,9,12,16157207,82670,6.2379999999999995,0.032,37.176783,-84.624303,2018
KY,2121003,Elizabethtown Independent School District for West Point ISD,9,12,10558921,2199755,4.077,0.8490000000000001,37.989678999999995,-85.96830600000001,2018
KY,2121004,Jefferson County School District in Anchorage ISD,9,12,7735417,39589,2.987,0.015,38.269785999999996,-85.537633,2018
KY,2121005,Campbell County School District in Southgate ISD,9,12,1764157,6649,0.6809999999999999,0.003,39.06893,-84.474599,2018
ME,2300053,Five Town Community School District,9,12,341614415,75255235,131.898,29.055999999999997,44.254201,-69.137971,2018
ME,2303480,Bremen,9,12,42647101,29483360,16.465999999999998,11.384,43.98007,-69.43038100000001,2018
ME,2304830,Damariscotta,9,12,32204514,5899814,12.434000000000001,2.278,44.022351,-69.490756,2018
ME,2308400,Moosabec Community School District,9,12,88398563,296736114,34.131,114.57,44.505912,-67.534242,2018
ME,2308500,Mount Desert Community School District,9,12,283551681,216424533,109.48,83.56200000000001,44.318803,-68.323267,2018
ME,2308760,Newcastle,9,12,75245160,9108004,29.052,3.517,44.052277000000004,-69.567522,2018
MA,2500541,Somerset-Berkley School District,9,12,63230383,12700787,24.413,4.904,41.80236,-71.112095,2018
MA,2501920,Amherst-Pelham School District,7,12,264252712,6081548,102.029,2.3480000000000003,42.416759000000006,-72.450132,2018
MA,2502580,Berlin-Boylston School District,7,12,75187661,10079132,29.03,3.892,42.371781,-71.681196,2018
MA,2503870,Concord-Carlisle School District,9,12,103050058,4061078,39.788000000000004,1.568,42.490428,-71.353197,2018
MA,2504290,Dover-Sherborn School District,6,12,79991254,1791607,30.885,0.6920000000000001,42.235601,-71.332983,2018
MA,2504560,Nauset School District,6,12,183518875,99662330,70.857,38.48,41.833318,-70.003787,2018
MA,2505100,Frontier School District,7,12,270651105,5795190,104.499,2.238,42.487321,-72.647689,2018
MA,2505740,Hampshire School District,7,12,334152258,4979091,129.017,1.922,42.349498,-72.78214,2018
MA,2506510,King Philip School District,7,12,123262264,4986747,47.592,1.925,42.058195,-71.350877,2018
MA,2506930,Lincoln-Sudbury School District,9,12,99720984,3192405,38.501999999999995,1.2329999999999999,42.400826,-71.389689,2018
MA,2507380,Martha's Vineyard School District,9,12,233148846,675392040,90.01899999999999,260.77,41.366172999999996,-70.632538,2018
MA,2507410,Masconomet School District,7,12,126661017,7239378,48.903999999999996,2.795,42.652167,-71.001001,2018
MA,2508160,Mount Greylock School District,7,12,230596005,2250781,89.03399999999999,0.8690000000000001,42.61529,-73.239727,2018
MA,2508910,Northborough-Southborough School District,9,12,84138423,4625880,32.486,1.786,42.313347,-71.59321,2018
MA,2509150,Old Rochester School District,7,12,168456999,55230858,65.042,21.325,41.718236,-70.81134300000001,2018
MA,2509900,Ralph C. Mahar School District,7,12,429769117,75721260,165.935,29.236,42.441969,-72.369957,2018
MA,2510830,Silver Lake School District,7,12,127666343,9542907,49.292,3.685,41.979225,-70.79990500000001,2018
MA,2511490,Tantasqua School District,7,12,299312754,11237895,115.565,4.3389999999999995,42.121586,-72.165014,2018
MA,2522222,Mohawk Trail Regional School District in Hawley and Charlemont towns,7,12,146926980,1172011,56.729,0.45299999999999996,42.61045,-72.88773499999999,2018
MA,2525002,North Adams School District in Clarksburg (9-12),9,12,32868742,267283,12.690999999999999,0.10300000000000001,42.72272,-73.105818,2018
MA,2525003,Gill-Montague School District in Erving (7-12),7,12,35721726,1539833,13.792,0.595,42.613417999999996,-72.426428,2018
MA,2525005,Swampscott School District in Nahant (7-12),7,12,2708893,37778573,1.046,14.585999999999999,42.419359,-70.92983100000001,2018
MA,2525006,Pittsfield School District in Richmond (9-12),9,12,48456300,840963,18.709,0.325,42.383497,-73.359187,2018
MA,2525007,Mohawk Trail School District in Rowe (7-12),7,12,60705717,1511250,23.439,0.583,42.695532,-72.909148,2018
MA,2525008,Adams-Cheshire School District in Savoy (7-12),7,12,92861030,460057,35.854,0.17800000000000002,42.594165999999994,-73.02232,2018
MA,2525009,North Adams School District in Florida (9-12),9,12,63096365,615761,24.362,0.23800000000000002,42.680040999999996,-73.015814,2018
MA,2525010,Fairhaven/New Bedford School Districts in Acushnet (9-12),9,12,47727290,1350798,18.428,0.522,41.718216999999996,-70.901151,2018
MA,2525012,Nauset/Provincetown School Districts in Turo (7-12),7,12,54268861,13686727,20.953000000000003,5.284,42.013557,-70.064151,2018
MA,2525013,Mount Greylock/New Lebanon (NY) School Districts in Hancock (7-12),7,12,92450558,177284,35.695,0.068,42.530012,-73.31660600000001,2018
MA,2525014,North Adams School District in Monroe (9-12),9,12,27680120,277891,10.687000000000001,0.107,42.727771999999995,-72.98534599999999,2018
MA,2525015,Lee/Berkshire Hills in Farmington River Regional (7-12),7,12,226269706,9449402,87.363,3.648,42.151092,-73.11320699999999,2018
MN,2727001,Park Rapids Public School District in Pine Point (9-12),9,12,10707431,2071546,4.1339999999999995,0.8,46.997586,-95.395388,2018
MN,2727002,Clinton-Graceville-Beardsley-Wheaton-Sisseton/Wilmot (SD) in Browns Valley (9-12),9,12,120256291,18198228,46.431000000000004,7.026,45.651305,-96.750555,2018
MN,2727003,Minneota-Ivanhoe Public School Districts in Ivanhoe (7-12),7,12,374419867,9590646,144.564,3.7030000000000003,44.467605,-96.231076,2018
MN,2727004,Marshall-Minneota-RTR Public Schools in Lynd (9-12),9,12,186657821,816941,72.069,0.315,44.403304999999996,-95.927624,2018
MN,2727005,Marshall-Tracy Public Schools in Milroy (9-12),9,12,225626226,1032089,87.115,0.39799999999999996,44.434415,-95.530739,2018
MN,2727006,Heron Lake-Okabena-Fulda-Worthington in Round Lake-Brewster (9-12),9,12,355350344,6452265,137.202,2.491,43.63402,-95.47321099999999,2018
MN,2727007,St. Louis-Northland in Nett Lake (7-12),7,12,250241266,29530604,96.619,11.402000000000001,48.129934999999996,-93.176919,2018
MN,2799001,Elkton School District 05-3 in Lake Benton (7-12),7,12,364178280,11977246,140.61,4.624,44.291559,-96.333585,2018
MT,3000095,Lame Deer High School District,9,12,3545600457,464605,1368.964,0.179,45.438333,-106.58886000000001,2018
MT,3000097,North Star High School District,9,12,2660538439,14409084,1027.24,5.563,48.632565,-110.381018,2018
MT,3000101,Chester-Joplin-Inverness High School District,9,12,4536804359,45860140,1751.67,17.707,48.572931,-110.954621,2018
MT,3000933,Shields Valley High School District,9,12,2027174860,3101372,782.697,1.197,45.972893,-110.60869699999999,2018
MT,3001740,Absarokee High School District,9,12,1606742708,6875628,620.367,2.655,45.376615,-109.750197,2018
MT,3002030,Anaconda High School District,9,12,1725310883,12167915,666.1460000000001,4.698,46.021827,-113.06728500000001,2018
MT,3002250,Arlee High School District,9,12,703168802,2299956,271.495,0.888,47.158552,-113.952192,2018
MT,3002450,Augusta High School District,9,12,3249597475,23271665,1254.677,8.985,47.469266,-112.617295,2018
MT,3003090,Beaverhead County High School District,9,12,10164634998,31606862,3924.5879999999997,12.203,45.384974,-113.059147,2018
MT,3003330,Belgrade High School District,9,12,511650487,1294823,197.549,0.5,45.836764,-111.12852600000001,2018
MT,3003450,Belt High School District,9,12,1765422444,556278,681.633,0.215,47.226895,-110.88999799999999,2018
MT,3003840,Bigfork High School District,9,12,1215985773,81660591,469.495,31.529,47.84815,-113.873745,2018
MT,3003900,Billings High School District,9,12,1908750735,8906166,736.9730000000001,3.4389999999999996,45.688497999999996,-108.45994099999999,2018
MT,3004500,Box Elder High School District,9,12,519658873,535169,200.641,0.207,48.398311,-110.06151899999999,2018
MT,3004590,Bozeman High School District,9,12,1716164357,3903089,662.615,1.507,45.594278,-111.06697700000001,2018
MT,3004860,Powder River County High School District,9,12,8778588649,1736644,3389.4320000000002,0.6709999999999999,45.408926,-105.55534399999999,2018
MT,3004920,Broadview High School District,9,12,1103853236,1662138,426.2,0.642,46.050736,-108.785448,2018
MT,3005040,Brockton High School District,9,12,209122542,4952403,80.743,1.912,48.167154,-104.799841,2018
MT,3005190,Browning High School District,9,12,6112618357,93598603,2360.095,36.139,48.670078000000004,-113.156827,2018
MT,3005310,Butte High School District,9,12,1785342230,1518176,689.325,0.586,45.904708,-112.671076,2018
MT,3005610,Carter County High School District,9,12,8415496473,19332636,3249.241,7.4639999999999995,45.516825,-104.51532399999999,2018
MT,3005910,Cascade High School District,9,12,2414843529,16587635,932.3760000000001,6.405,47.074847,-111.688368,2018
MT,3006115,Charlo High School District,9,12,823034515,13636230,317.775,5.265,47.350275,-114.310281,2018
MT,3006270,Chinook High School District,9,12,4313607018,9796471,1665.493,3.782,48.531584,-109.238565,2018
MT,3006330,Choteau High School District,9,12,3877973826,34332816,1497.2939999999999,13.255999999999998,47.881235,-112.462273,2018
MT,3006810,Circle High School District,9,12,6843332007,103024638,2642.225,39.778,47.629628000000004,-105.757222,2018
MT,3007080,Colstrip High School District,9,12,1616448870,864250,624.114,0.33399999999999996,45.845051,-106.64607,2018
MT,3007140,Columbia Falls High School District,9,12,8403974176,200609578,3244.7929999999997,77.456,48.322266,-113.75341499999999,2018
MT,3007200,Columbus High School District,9,12,898609862,8868918,346.955,3.424,45.643213,-109.26793,2018
MT,3007320,Conrad High School District,9,12,1337793718,1369744,516.525,0.529,48.227743,-111.95378899999999,2018
MT,3007860,Culbertson High School District,9,12,538553093,5135728,207.937,1.983,48.200697,-104.51177,2018
MT,3007930,Custer County High School District,9,12,9798723680,25612454,3783.309,9.889,46.261414,-105.550352,2018
MT,3008190,Cut Bank High School District,9,12,1644256569,12414987,634.851,4.793,48.704068,-112.41776399999999,2018
MT,3008340,Dawson High School District,9,12,4242008217,28708223,1637.849,11.084000000000001,47.132754,-104.846745,2018
MT,3008850,Denton High School District,9,12,1483225102,1494712,572.6759999999999,0.5770000000000001,47.408826,-109.84211,2018
MT,3009210,Drummond High School District,9,12,1482828497,1292209,572.523,0.499,46.632183000000005,-113.41341299999999,2018
MT,3010170,Fairfield High School District,9,12,700320303,18200698,270.395,7.027,47.611995,-112.04693600000002,2018
MT,3010290,Fairview High School District,9,12,1524364155,15559376,588.56,6.007999999999999,47.983216,-104.44722800000001,2018
MT,3010530,Fergus High School District,9,12,2145652207,1142023,828.441,0.441,47.095076,-109.412227,2018
MT,3011190,Forsyth High School District,9,12,4731585680,23702826,1826.876,9.152000000000001,46.483487,-107.075236,2018
MT,3011260,Fort Benton High School District,9,12,3233070740,18671845,1248.296,7.209,47.919734000000005,-110.947208,2018
MT,3011460,Frazer High School District,9,12,1435131950,6388796,554.1080000000001,2.467,48.320693,-105.99073700000001,2018
MT,3011580,Froid High School District,9,12,1074442680,4023602,414.845,1.554,48.336847,-104.666916,2018
MT,3011850,Gardiner High School District,9,12,2099650894,12673610,810.68,4.893,45.104434000000005,-110.519042,2018
MT,3011880,Garfield County High School District,9,12,12112233260,446864351,4676.56,172.535,47.267184,-106.99599099999999,2018
MT,3012300,Geyser High School District,9,12,1085583132,295015,419.14599999999996,0.114,47.264784000000006,-110.527349,2018
MT,3012990,Grass Range High School District,9,12,2038172721,1016932,786.943,0.39299999999999996,46.929873,-108.93656200000001,2018
MT,3013050,Great Falls High School District,9,12,1015835703,16180188,392.216,6.247000000000001,47.556189,-111.216252,2018
MT,3013340,Hardin High School District,9,12,7356464935,43636779,2840.347,16.848,45.520401,-107.45734099999999,2018
MT,3013360,Plenty Coups High School District,9,12,1382267714,713092,533.697,0.275,45.357966,-108.36111100000001,2018
MT,3013400,Harlem High School District,9,12,4584388545,15153653,1770.0420000000001,5.851,48.33721,-108.846653,2018
MT,3013470,Harlowton High School District,9,12,3094170908,12995606,1194.6660000000002,5.018,46.434982,-109.88368799999999,2018
MT,3013590,Havre High School District,9,12,3274180705,28262649,1264.1680000000001,10.912,48.689867,-109.781085,2018
MT,3013830,Helena High School District,9,12,4019535585,74205636,1551.951,28.651,46.837198,-112.079774,2018
MT,3014370,Hinsdale High School District,9,12,3975637905,11155301,1535.0020000000002,4.3069999999999995,48.477635,-107.059858,2018
MT,3015120,Jefferson High School District,9,12,2807270861,5404104,1083.893,2.0869999999999997,46.273798,-112.13265,2018
MT,3015260,Joliet High School District,9,12,543597453,5411794,209.88400000000001,2.09,45.522024,-108.991456,2018
MT,3015390,Judith Gap High School District,9,12,651381308,27106,251.5,0.01,46.638569,-109.65284399999999,2018
MT,3015420,Flathead High School District,9,12,3118613010,144755867,1204.103,55.891000000000005,48.121094,-114.54793899999999,2018
MT,3016020,Lambert High School District,9,12,1242273009,5178822,479.644,2.0,47.766646,-104.755782,2018
MT,3016230,Laurel High School District,9,12,402671452,5151852,155.472,1.989,45.625499,-108.746325,2018
MT,3016770,Lincoln County High School District,9,12,2791205785,73639006,1077.691,28.432,48.691086999999996,-115.012635,2018
MT,3017040,Lodge Grass High School District,9,12,3034001945,2814830,1171.435,1.087,45.207305,-107.403108,2018
MT,3017640,Manhattan High School District,9,12,1227969527,3239362,474.12199999999996,1.251,45.927619,-111.11937900000001,2018
MT,3018270,Melstone High School District,9,12,823480560,224341,317.948,0.087,46.620658,-107.848258,2018
MT,3018540,Missoula High School District,9,12,5066237535,54741458,1956.085,21.136,47.029835,-113.81093,2018
MT,3018900,Moore High School District,9,12,934505706,269832,360.815,0.10400000000000001,46.837303999999996,-109.63575,2018
MT,3019500,Noxon High School District,9,12,1431872426,37901679,552.849,14.634,47.996764,-115.785352,2018
MT,3020070,Park City High School District,9,12,253528411,1985683,97.88799999999999,0.767,45.701570000000004,-108.96488500000001,2018
MT,3020100,Park High School District,9,12,3445900295,12497530,1330.47,4.825,45.421428999999996,-110.53276000000001,2018
MT,3021090,Polson High School District,9,12,1133068448,372217114,437.48,143.714,47.785778,-114.23641699999999,2018
MT,3021270,Poplar High School District,9,12,1904339660,11384184,735.27,4.395,48.315042,-105.13897800000001,2018
MT,3021450,Powell County High School District,9,12,6207109535,16279457,2396.578,6.2860000000000005,46.844225,-112.9311,2018
MT,3021540,Power High School District,9,12,498894070,121807,192.62400000000002,0.047,47.73628,-111.687008,2018
MT,3021900,Rapelje High School District,9,12,1283724844,4122597,495.649,1.5919999999999999,45.958242,-109.193605,2018
MT,3022110,Red Lodge High School District,9,12,1796748399,15000929,693.7280000000001,5.792000000000001,45.203826,-109.42360500000001,2018
MT,3022260,Reed Point High School District,9,12,469020599,3287949,181.09,1.2690000000000001,45.757585,-109.49892,2018
MT,3022410,Richey High School District,9,12,1901230233,1197664,734.069,0.462,47.534504,-104.94481999999999,2018
MT,3022800,Ronan High School District,9,12,530658377,16971904,204.888,6.553,47.540166,-114.11318600000001,2018
MT,3023070,Roundup High School District,9,12,4126139631,7109241,1593.111,2.745,46.505281,-108.43976299999999,2018
MT,3023400,Saco High School District,9,12,1729878488,29958175,667.91,11.567,48.529143,-107.422067,2018
MT,3023550,Savage High School District,9,12,721452977,4069245,278.555,1.571,47.506926,-104.45105799999999,2018
MT,3023910,Shelby High School District,9,12,2798203497,45180555,1080.392,17.444000000000003,48.501961,-111.605731,2018
MT,3023970,Shepherd High School District,9,12,644304977,2297444,248.768,0.887,46.022162,-108.41249099999999,2018
MT,3024180,Sheridan High School District,9,12,2140690748,4240382,826.525,1.6369999999999998,45.152772999999996,-112.08016299999998,2018
MT,3024230,Sidney High School District,9,12,1910341080,24194949,737.587,9.342,47.763287,-104.61699499999999,2018
MT,3024330,Simms High School District,9,12,907797519,424955,350.50300000000004,0.16399999999999998,47.535498,-111.73491200000001,2018
MT,3025050,Stevensville High School District,9,12,694869655,3007834,268.291,1.161,46.508054,-114.046252,2018
MT,3025140,Centerville High School District,9,12,884338567,647887,341.445,0.25,47.237246999999996,-111.207621,2018
MT,3025560,Sweet Grass County High School District,9,12,4776914049,16120278,1844.3770000000002,6.224,45.81798,-109.943579,2018
MT,3026100,Thompson Falls High School District,9,12,2512155170,12907907,969.949,4.984,47.667711,-115.29575,2018
MT,3026190,Three Forks High School District,9,12,670118201,7761749,258.73400000000004,2.997,45.953586,-111.448848,2018
MT,3026580,Troy High School District,9,12,3535837103,27949860,1365.194,10.792,48.699438,-115.75600800000001,2018
MT,3026670,Turner High School District,9,12,1031274918,1526771,398.17699999999996,0.589,48.862023,-108.47653000000001,2018
MT,3027090,Valier High School District,9,12,1328635070,37394206,512.989,14.437999999999999,48.284964,-112.41963999999999,2018
MT,3027790,Whitefish High School District,9,12,1492165355,30534426,576.128,11.789000000000001,48.52919,-114.563902,2018
MT,3027840,Whitehall High School District,9,12,1846640610,1659687,712.992,0.6409999999999999,45.896402,-112.02160500000001,2018
MT,3028170,Willow Creek High School District,9,12,238131898,2643499,91.943,1.021,45.755936,-111.59243500000001,2018
MT,3028620,Wolf Point High School District,9,12,1637859196,6089198,632.381,2.351,48.316811,-105.628677,2018
MT,3028911,Rocky Boy High School District,9,12,356479100,407152,137.637,0.157,48.233028999999995,-109.80193200000001,2018
NH,3300003,John Stark Regional School District,9,12,267249163,4449741,103.185,1.7180000000000002,43.117312,-71.769099,2018
NH,3300017,Exeter Regional Cooperative School District,6,12,208660283,2877950,80.564,1.111,42.97878,-70.97968,2018
NH,3300049,Prospect Mountain High School Joint Maintenance Agreement District,9,12,276491992,55328720,106.75399999999999,21.363000000000003,43.442325,-71.25736500000001,2018
NH,3302670,Dresden School District,6,12,126982169,2868356,49.028,1.107,43.721022999999995,-72.18520699999999,2018
NH,3303850,Hollis-Brookline Cooperative School District,7,12,133551308,2403030,51.56399999999999,0.9279999999999999,42.742511,-71.616805,2018
NH,3305830,Profile School District,7,12,529128955,2230919,204.298,0.861,44.177045,-71.61873299999999,2018
NH,3306260,Souhegan Cooperative School District,9,12,131400048,1526211,50.733999999999995,0.589,42.883981,-71.633172,2018
NH,3307230,Winnacunnet Cooperative School District,9,12,124309773,8732130,47.996,3.3710000000000004,42.937548,-70.85099,2018
NH,3399965,Pemi-Baker Regional School District,9,12,660105596,23857186,254.868,9.211,43.832834000000005,-71.696733,2018
NJ,3401770,Black Horse Pike Regional School District,9,12,72494397,1337794,27.99,0.517,39.807254,-75.04782800000001,2018
NJ,3402800,Carlstadt-East Rutherford School District,9,12,19834357,1527011,7.6579999999999995,0.59,40.820646999999994,-74.072797,2018
NJ,3402880,Sterling High School School District,9,12,10206622,0,3.9410000000000003,0.0,39.852216999999996,-75.049797,2018
NJ,3402910,Central Regional School District,7,12,116666568,31653709,45.045,12.222000000000001,39.912906,-74.193095,2018
NJ,3403210,Clearview Regional School District,7,12,90480340,441716,34.935,0.171,39.744182,-75.190525,2018
NJ,3403620,Cumberland Regional School District,9,12,404900823,14178999,156.333,5.475,39.429428,-75.268762,2018
NJ,3403750,Delaware Valley Regional School District,9,12,228743831,3926964,88.318,1.516,40.551027000000005,-75.053211,2018
NJ,3404380,Eastern Camden County Regional School District,9,12,44591380,582820,17.217,0.225,39.832737,-74.952454,2018
NJ,3405610,Freehold Regional School District,9,12,508091067,6829398,196.175,2.637,40.256775,-74.234117,2018
NJ,3405820,Gateway Regional School District,7,12,11065358,2108557,4.272,0.8140000000000001,39.880249,-75.136719,2018
NJ,3406060,Greater Egg Harbor Regional School District,9,12,690976930,74873660,266.788,28.909000000000002,39.518968,-74.619374,2018
NJ,3406660,Hanover Park Regional School District,9,12,66555924,1611309,25.697,0.622,40.808264,-74.404125,2018
NJ,3407050,Henry Hudson Regional School District,7,12,5191022,10216395,2.004,3.945,40.411771,-74.019836,2018
NJ,3407140,High Point Regional School District,9,12,310024213,5882517,119.70100000000001,2.271,41.204431,-74.660218,2018
NJ,3407590,Hunterdon Central Regional School District,9,12,391674729,2430712,151.226,0.9390000000000001,40.500471999999995,-74.852136,2018
NJ,3407980,Kingsway Regional School District,7,12,135044367,2292179,52.141000000000005,0.885,39.740578,-75.276173,2018
NJ,3408060,Kittatinny Regional School District,7,12,348859033,10091053,134.695,3.8960000000000004,41.123773,-74.834946,2018
NJ,3408190,Lakeland Regional School District,9,12,87163270,10787857,33.654,4.165,41.082081,-74.279009,2018
NJ,3408490,Lenape Regional School District,9,12,831639418,13153892,321.098,5.079,39.851467,-74.693412,2018
NJ,3408500,Lenape Valley Regional School District,9,12,62611958,4116456,24.175,1.589,40.943403,-74.718343,2018
NJ,3409090,Lower Cape May Regional School District,7,12,80353746,10674907,31.025,4.122,38.977868,-74.908599,2018
NJ,3409360,Mainland Regional School District,9,12,29537232,4295034,11.404000000000002,1.6580000000000001,39.341062,-74.58153399999999,2018
NJ,3409550,North Warren Regional School District,7,12,299811866,8174615,115.758,3.156,40.982712,-74.984842,2018
NJ,3410440,Monmouth Regional School District,9,12,50747978,405904,19.594,0.157,40.277449,-74.083278,2018
NJ,3410740,Morris Hills Regional School District,9,12,149798023,13053238,57.836999999999996,5.04,40.942135,-74.512095,2018
NJ,3411610,North Hunterdon-Voorhees Regional School District,9,12,424950140,17273152,164.074,6.669,40.660865,-74.894902,2018
NJ,3411700,Northern Burlington Regional School District,7,12,229868826,1281969,88.75299999999999,0.495,40.072790999999995,-74.68196999999999,2018
NJ,3411730,Northern Highlands Regional School District,9,12,21626307,105329,8.35,0.040999999999999995,41.052367,-74.111215,2018
NJ,3411760,Northern Valley Regional School District,9,12,42423982,4205963,16.38,1.624,40.987967,-73.96803100000001,2018
NJ,3412260,River Dell Regional School District,7,12,10992049,522622,4.244,0.20199999999999999,40.943779,-74.034266,2018
NJ,3412510,Pascack Valley Regional School District,9,12,37220761,1190307,14.370999999999999,0.46,41.048134999999995,-74.08397099999999,2018
NJ,3412570,Passaic Valley Regional School District,9,12,25216230,747142,9.736,0.28800000000000003,40.891177,-74.21157,2018
NJ,3412600,Passaic County Manchester Regional School District,9,12,13321386,181246,5.143,0.07,40.955095,-74.18362900000001,2018
NJ,3413000,Pinelands Regional School District,7,12,367595313,83460258,141.929,32.224000000000004,39.634186,-74.37696700000001,2018
NJ,3413560,Ramapo-Indian Hill Regional School District,9,12,63475030,2060597,24.508000000000003,0.7959999999999999,41.013921999999994,-74.209135,2018
NJ,3413620,Rancocas Valley Regional School District,9,12,100698189,1844867,38.88,0.7120000000000001,39.986104,-74.805483,2018
NJ,3413750,Red Bank Regional School District,9,12,17141073,2710831,6.617999999999999,1.047,40.336405,-74.051107,2018
NJ,3414400,Rumson-Fair Haven Regional School District,9,12,17249554,6640744,6.66,2.5639999999999996,40.363975,-74.009838,2018
NJ,3414940,Shore Regional School District,9,12,20175688,5842545,7.79,2.256,40.317264,-74.00795500000001,2018
NJ,3415450,Delsea Regional High School School District,7,12,194214563,1908838,74.987,0.737,39.611102,-75.048771,2018
NJ,3415480,Southern Regional School District,7,12,143440540,73411928,55.383,28.345,39.686377,-74.245269,2018
NJ,3416870,Wallkill Valley Regional School District,9,12,102793681,2078067,39.689,0.802,41.124751,-74.55878299999999,2018
NJ,3416970,Warren Hills Regional School District,7,12,188891521,740001,72.931,0.28600000000000003,40.765213,-74.973788,2018
NJ,3417220,Watchung Hills Regional School District,9,12,96771258,962917,37.364000000000004,0.37200000000000005,40.650053,-74.495814,2018
NJ,3417460,West Essex Regional School District,7,12,47194899,665192,18.222,0.257,40.833179,-74.266203,2018
NJ,3417550,West Morris Regional School District,9,12,256457090,1760776,99.01899999999999,0.68,40.784791999999996,-74.71463,2018
NY,3619020,Bellmore-Merrick Central High School District,7,12,36282134,34455870,14.009,13.302999999999999,40.618983,-73.54605,2018
NY,3626520,Sewanhaka Central High School District,7,12,29841531,205272,11.522,0.079,40.714271999999994,-73.69376,2018
NY,3629520,Valley Stream Central High School District,7,12,16420447,44613,6.34,0.017,40.669622,-73.70095,2018
OK,4040001,Secondary Coverage Area in White Oak Public Schools (9-12),9,12,298122892,416029,115.10600000000001,0.161,36.67487,-95.333885,2018
OK,4099001,Frederick Public Schools in Davidson (9-12),9,12,325233714,5417306,125.573,2.092,34.254436,-99.036762,2018
OR,4103630,Harney County Union High School District 1J,9,12,22858014351,238933118,8825.529,92.25299999999999,42.956214,-118.933805,2018
RI,4400420,Foster-Glocester Regional School District,6,12,271958517,9753288,105.00399999999999,3.766,41.843183,-71.715086,2018
SC,4545013,Beaufort County School District within Beaufort Marine Corps Air Station,7,12,22749107,1214151,8.783,0.469,32.474237,-80.712935,2018
SC,4545079,Richland County School District 2 within Fort Jackson,7,12,211282162,2150149,81.577,0.83,34.039432,-80.825097,2018
TN,4747001,Anderson County School District in Clinton,7,12,30096468,1612263,11.62,0.622,36.097338,-84.128945,2018
TN,4747002,Arlington Community Schools in Lakeland (9-12),9,12,44511918,1064347,17.186,0.41100000000000003,35.26634,-89.73486,2018
TN,4747029,Cocke County School District in Newport,9,12,14320945,0,5.529,0.0,35.961616,-83.19759499999999,2018
TN,4747031,Coffee County School District in Manchester,9,12,33675840,17244,13.002,0.006999999999999999,35.461847999999996,-86.083242,2018
TN,4747033,Crockett County School District in Alamo,7,12,130003102,838,50.193999999999996,0.0,35.792916,-89.10028,2018
TN,4747034,Crockett County School District in Bells,6,12,84592268,102644,32.661,0.04,35.71629,-89.069962,2018
TN,4747073,Hawkins County School District in Rogersville,9,12,9734815,0,3.759,0.0,36.40826,-83.004184,2018
TN,4747077,Henderson County School District in Lexington,9,12,29899888,456947,11.544,0.17600000000000002,35.660771000000004,-88.394642,2018
TN,4747079,Henry County School District in Paris,9,12,65252176,165437,25.194000000000003,0.064,36.298491999999996,-88.32470500000001,2018
TN,4747107,McMinn County School District in Athens,9,12,40165682,297,15.508,0.0,35.457744,-84.603753,2018
TN,4747108,McMinn County School District in Etowah,9,12,7319125,0,2.826,0.0,35.338141,-84.5282,2018
TN,4747123,Monroe County School District in Sweetwater,9,12,163401933,35315,63.09,0.013999999999999999,35.603028,-84.44376700000001,2018
TN,4747143,Rhea County School District in Dayton,9,12,20191708,613490,7.796,0.237,35.491479,-85.012322,2018
TN,4747149,Rutherford County School District in Murfreesboro,7,12,146765212,374432,56.666000000000004,0.145,35.851659000000005,-86.410726,2018
TN,4747187,Williamson County School District in Franklin,9,12,51978628,343015,20.069000000000003,0.132,35.926276,-86.8549,2018
TN,4747189,Wilson County School District in Lebanon,9,12,127447537,10591,49.208,0.004,36.214155,-86.314427,2018
TX,4848143,Stephenville Independent School District (9-12) in Bluff Dale,9,12,180204195,589451,69.577,0.228,32.32756,-98.047832,2018
TX,4848285,Hallettsville Independent School District (9-12) in Vysehrad,9,12,81526213,0,31.476999999999997,0.0,29.438194,-97.025032,2018
TX,4848449,Mount Pleasant Independent School District (9-12) in Winfield,9,12,89310661,4621596,34.483000000000004,1.784,33.19664,-95.089034,2018
VT,5000006,Essex Community Education Center,9,12,100552794,1278978,38.824,0.494,44.527378999999996,-73.070115,2018
WI,5505490,Nicolet Union High School District,9,12,41644667,969293,16.079,0.374,43.158282,-87.922342,2018
WI,5506120,Hartford Union High School District,9,12,463531987,5722235,178.97099999999998,2.209,43.302683,-88.404138,2018
WI,5506180,Arrowhead Union High School District,9,12,160802226,14356240,62.086000000000006,5.542999999999999,43.132583000000004,-88.34723199999999,2018
WI,5507650,Lake Geneva-Genoa City Union High School District,9,12,229880034,2577606,88.757,0.995,42.571329,-88.401189,2018
WI,5509630,Lakeland Union High School District,9,12,1601271887,324136991,618.255,125.15,45.979257000000004,-89.781769,2018
WI,5513290,Westosha Central High School District,9,12,359618760,4314021,138.85,1.666,42.589624,-88.080989,2018
WI,5515150,Union Grove Union High School District,9,12,216416088,708187,83.559,0.273,42.742874,-88.024242,2018
WI,5515480,Big Foot Union High School District,9,12,190146409,282991,73.416,0.109,42.529253999999995,-88.630542,2018
WI,5515600,Waterford Union High School District,9,12,217024791,6615232,83.794,2.5540000000000003,42.785928000000006,-88.194274,2018
WI,5516770,Wilmot Union High School District,9,12,113271612,11695670,43.733999999999995,4.516,42.524881,-88.21033800000001,2018
